"Producto","Precio"
"[Lentes de Stock] Organico Blue Light Cut c/ Antirreflex (Índice: 1.56, Tipo: Stock, Graduación: Esf +/- 6.00 // Esf/Cil +6.00 / -2.00 // -6.00 / +2.00)","$7,684"
"[Lentes de Stock] Organico Blue Light Cut c/ Antirreflex (Índice: 1.56, Tipo: Rango Extendido, Graduación: Esf/Cil +4.00 / -4.00 // -4.00 / -4.00)","$16,730"
"[Lentes de Stock] Organico Super Blue Asférico c/ Antirreflex Super Hidrofóbico (Índice: 1.60, Tipo: Stock, Graduación: Esf +/- 6.00 // Esf/Cil +4.00 / +2.00 // -6.00 / +2.00)","$23,704"
"[Lentes de Stock] Organico Super Blue Asférico c/ Antirreflex Super Hidrofóbico (Índice: 1.60, Tipo: Rango Extendido, Graduación: Esf/Cil -10.00 / -2.00 // +6.00 / -4.00 // -7.00 / -4.00)","$26,442"
"[Lentes de Stock] Organico Super Blue Asférico c/ Antirreflex Super Hidrofóbico (Índice: 1.74, Tipo: Rango Extendido Plus, Graduación: Esf/Cil -10.25 / -2.00 // -12.00 / -2.00 // -12.25 / -15.00)","$248,178"
"[Lentes de Stock] Organico Fotocromático Gris c/ Antirreflex (Índice: 1.56, Tipo: Stock, Graduación: Esf +/- 4.00 // Esf/Cil +4.00 / -2.00 // -4.00 / +2.00)","$21,369"
"[Lentes de Stock] Blue Fotocromático Gris c/ Antirreflex (Índice: 1.56, Tipo: Stock, Graduación: Esf +/- 4.00 // Esf/Cil +4.00 / -2.00 // -4.00 / +2.00)","$47,410"
"[Lentes de Stock] Super Blue Fotocromático Gris c/ Antirreflex (Índice: 1.60, Tipo: Stock, Graduación: Esf +/- 4.00 // Esf/Cil +4.00 / -2.00 // -4.00 / +2.00)","$75,424"
"[Monofocal Lab] 1.56 Orgánico Blue Light - Tallado Tradicional CNC (Esferas: +8.00 a -12.00, Cilindros: +/- 6.00)","$43,458"
"[Monofocal Lab] 1.56 Orgánico Blue Light - Tallado Digital (Esferas: +8.00 a -12.00, Cilindros: +/- 6.00)","$68,068"
"[Monofocal Lab] 1.56 Orgánico Blue Light c/ Antirreflex Block - Tallado Tradicional CNC (Esferas: +8.00 a -12.00, Cilindros: +/- 6.00)","$68,347"
"[Monofocal Lab] 1.56 Orgánico Blue Light c/ Antirreflex Block - Tallado Digital (Esferas: +8.00 a -12.00, Cilindros: +/- 6.00)","$102,186"
"[Monofocal Lab] 1.60 Orgánico Super Blue Light - Tallado Tradicional CNC (Esferas: +8.00 a -12.00, Cilindros: +/- 6.00)","$78,011"
"[Monofocal Lab] 1.60 Orgánico Super Blue Light - Tallado Digital (Esferas: +8.00 a -12.00, Cilindros: +/- 6.00)","$116,633"
"[Monofocal Lab] 1.60 Orgánico Super Blue Light c/ Antirreflex Block - Tallado Tradicional CNC (Esferas: +8.00 a -12.00, Cilindros: +/- 6.00)","$102,542"
"[Monofocal Lab] 1.60 Orgánico Super Blue Light c/ Antirreflex Block - Tallado Digital (Esferas: +8.00 a -12.00, Cilindros: +/- 6.00)","$153,311"
"[Monofocal Lab] 1.56 Orgánico Fotocromático Gris - Tallado Tradicional CNC (Esferas: 8.00 a -12.00, Cilindros: +/- 6.00)","$64,153"
"[Monofocal Lab] 1.56 Orgánico Fotocromático Gris - Tallado Digital (Esferas: 8.00 a -12.00, Cilindros: +/- 6.00)","$95,916"
"[Monofocal Lab] 1.56 Orgánico Fotocromático BLUE - Tallado Tradicional CNC (Esferas: 8.00 a -12.00, Cilindros: +/- 6.00)","$89,664"
"[Monofocal Lab] 1.56 Orgánico Fotocromático BLUE - Tallado Digital (Esferas: 8.00 a -12.00, Cilindros: +/- 6.00)","$140,440"
"[Monofocal Lab] 1.56 Orgánico Fotocromático BLUE c/ Antirreflex Block - Tallado Tradicional CNC (Esferas: 8.00 a -12.00, Cilindros: +/- 6.00)","$109,379"
"[Monofocal Lab] 1.56 Orgánico Fotocromático BLUE c/ Antirreflex Block - Tallado Digital (Esferas: 8.00 a -12.00, Cilindros: +/- 6.00)","$171,754"
"[Monofocal Lab] 1.56 Orgánico Fotocromático Smart Color - Tallado Tradicional CNC (Esferas: +5.00 a -8.00, Cilindros: +/- 5.00) [Colores: Brown/Green/Blue/Pink/Purple]","$140,641"
"[Monofocal Lab] 1.56 Orgánico Fotocromático Smart Color - Tallado Digital (Esferas: +5.00 a -8.00, Cilindros: +/- 5.00) [Colores: Brown/Green/Blue/Pink/Purple]","$179,204"
"[Bifocal] Bif. Flap Top Orgánico Blue Light Cut (Bifocales Flap Top) (Esferas: +5.50 a -4.00, Cilindros: +/- 4.00, Adición: 1.00 a 3.50)","$48,771"
"[Bifocal] Bif. Flap Top Orgánico Fotocromático Gris (Bifocales Flap Top) (Esferas: +5.50 a -4.00, Cilindros: +/- 4.00, Adición: 1.00 a 3.50)","$68,641"
"[Bifocal] Bif. Kriptock Invisible Organico Blue Light Cut (Bifocal Digital Invisible) (Esferas: +5.50 a -4.00, Cilindros: +/- 4.00, Adición: 1.00 a 3.50)","$73,988"
"[Bifocal] Bif. Kriptock Invisible Organico Blue Light Cut c/ Antirreflex (Bifocal Digital Invisible) (Esferas: +5.50 a -4.00, Cilindros: +/- 4.00, Adición: 1.00 a 3.50)","$95,294"
"[Bifocal] Bif. Kriptock Invisible Organico Blue Light Fotocromático Gris (Bifocal Digital Invisible) (Esferas: +5.50 a -4.00, Cilindros: +/- 4.00, Adición: 1.00 a 3.50)","$99,428"
"[Multifocal Digital] Orgánico BLUE LIGHT (Índice: 1.56) - Diseño One (Básico)","$80,696"
"[Multifocal Digital] Orgánico BLUE LIGHT (Índice: 1.56) - Diseño New (Intermedio)","$125,918"
"[Multifocal Digital] Orgánico BLUE LIGHT (Índice: 1.56) - Diseño Free (Avanzado)","$176,286"
"[Multifocal Digital] Orgánico BLUE LIGHT (Índice: 1.56) - Diseño Pro (Premium)","$194,385"
"[Multifocal Digital] Orgánico BLUE LIGHT c/ Antirreflex Block (Índice: 1.56) - Diseño One (Básico)","$103,870"
"[Multifocal Digital] Orgánico BLUE LIGHT c/ Antirreflex Block (Índice: 1.56) - Diseño New (Intermedio)","$148,413"
"[Multifocal Digital] Orgánico BLUE LIGHT c/ Antirreflex Block (Índice: 1.56) - Diseño Free (Avanzado)","$198,780"
"[Multifocal Digital] Orgánico BLUE LIGHT c/ Antirreflex Block (Índice: 1.56) - Diseño Pro (Premium)","$216,878"
"[Multifocal Digital] Org Fotocromático Grey (Índice: 1.56) - Diseño One (Básico)","$96,366"
"[Multifocal Digital] Org Fotocromático Grey (Índice: 1.56) - Diseño New (Intermedio)","$149,108"
"[Multifocal Digital] Org Fotocromático Grey (Índice: 1.56) - Diseño Free (Avanzado)","$208,750"
"[Multifocal Digital] Org Fotocromático Grey (Índice: 1.56) - Diseño Pro (Premium)","$230,181"
"[Multifocal Digital] Org Fotocromático Grey c/ Antirreflex Block (Índice: 1.56) - Diseño One (Básico)","$118,860"
"[Multifocal Digital] Org Fotocromático Grey c/ Antirreflex Block (Índice: 1.56) - Diseño New (Intermedio)","$171,601"
"[Multifocal Digital] Org Fotocromático Grey c/ Antirreflex Block (Índice: 1.56) - Diseño Free (Avanzado)","$231,243"
"[Multifocal Digital] Org Fotocromático Grey c/ Antirreflex Block (Índice: 1.56) - Diseño Pro (Premium)","$252,674"
"[Multifocal Digital] Org Fotocromático BLUELIGHT Grey (Índice: 1.56) - Diseño One (Básico)","$117,717"
"[Multifocal Digital] Org Fotocromático BLUELIGHT Grey (Índice: 1.56) - Diseño New (Intermedio)","$182,137"
"[Multifocal Digital] Org Fotocromático BLUELIGHT Grey (Índice: 1.56) - Diseño Free (Avanzado)","$236,769"
"[Multifocal Digital] Org Fotocromático BLUELIGHT Grey (Índice: 1.56) - Diseño Pro (Premium)","$261,095"
"[Multifocal Digital] Org Fotocromático BLUELIGHT (Índice: 1.56) - Diseño One (Básico)","$140,210"
"[Multifocal Digital] Org Fotocromático BLUELIGHT (Índice: 1.56) - Diseño New (Intermedio)","$204,630"
"[Multifocal Digital] Org Fotocromático BLUELIGHT (Índice: 1.56) - Diseño Free (Avanzado)","$259,262"
"[Multifocal Digital] Org Fotocromático BLUELIGHT (Índice: 1.56) - Diseño Pro (Premium)","$283,815"
"[Multifocal Digital] Policarbonato BLUE LIGHT (Índice: 1.59) - Diseño One (Básico)","$107,239"
"[Multifocal Digital] Policarbonato BLUE LIGHT (Índice: 1.59) - Diseño New (Intermedio)","$165,929"
"[Multifocal Digital] Policarbonato BLUE LIGHT (Índice: 1.59) - Diseño Free (Avanzado)","$232,301"
"[Multifocal Digital] Policarbonato BLUE LIGHT (Índice: 1.59) - Diseño Pro (Premium)","$256,152"
"[Multifocal Digital] Orgánico Super BlueLight (Índice: 1.60) - Diseño One (Básico)","$101,024"
"[Multifocal Digital] Orgánico Super BlueLight (Índice: 1.60) - Diseño New (Intermedio)","$128,034"
"[Multifocal Digital] Orgánico Super BlueLight (Índice: 1.60) - Diseño Free (Avanzado)","$179,248"
"[Multifocal Digital] Orgánico Super BlueLight (Índice: 1.60) - Diseño Pro (Premium)","$197,655"
"[Multifocal Digital] Orgánico Super BlueLight c/ Antirreflex Block (Índice: 1.60) - Diseño One (Básico)","$122,497"
"[Multifocal Digital] Orgánico Super BlueLight c/ Antirreflex Block (Índice: 1.60) - Diseño New (Intermedio)","$149,507"
"[Multifocal Digital] Orgánico Super BlueLight c/ Antirreflex Block (Índice: 1.60) - Diseño Free (Avanzado)","$200,721"
"[Multifocal Digital] Orgánico Super BlueLight c/ Antirreflex Block (Índice: 1.60) - Diseño Pro (Premium)","$219,127"
"[Ocupacional Digital] Orgánico Blue Light (Índice: 1.56)","$68,180"
"[Ocupacional Digital] Orgánico Blue Light c/ Antirreflex Block (Índice: 1.56)","$90,673"
"[Ocupacional Digital] Orgánico Blanco Alto Índice (Índice: 1.60)","$79,594"
"[Ocupacional Digital] Orgánico Super Blue Light c/ Antirreflex Block (Índice: 1.60)","$97,271"
"[Tratamientos] Antireflejo SMART Ultra Layer","$62,211"
"[Tratamientos] Antireflejo SMART Element","$44,986"
"[Tratamientos] Teñido Compacto","$9,523"
"[Tratamientos] Teñido Degradé","$10,780"
"[Calibrados y Trabajos] ORGANICO STOCK - Montura Completa (Biselado y Montaje)","$3,028"
"[Calibrados y Trabajos] ORGANICO STOCK - Ranurado / Semi al Aire (Biselado y Montaje)","$4,741"
"[Calibrados y Trabajos] ORGANICO STOCK - Perforado / Al Aire (Biselado y Montaje)","$10,184"
"[Calibrados y Trabajos] ORGANICO LABORATORIO - Montura Completa (Biselado y Montaje)","$5,075"
"[Calibrados y Trabajos] ORGANICO LABORATORIO - Ranurado / Semi al Aire (Biselado y Montaje)","$6,600"
"[Calibrados y Trabajos] ORGANICO LABORATORIO - Perforado / Al Aire (Biselado y Montaje)","$15,831"
"[Calibrados y Trabajos] PASE DE CRISTALES (Precio Único) - Montura Completa (Biselado y Montaje)","$7,275"
"[Calibrados y Trabajos] PASE DE CRISTALES (Precio Único) - Ranurado / Semi al Aire (Biselado y Montaje)","-"
"[Calibrados y Trabajos] PASE DE CRISTALES (Precio Único) - Perforado / Al Aire (Biselado y Montaje)","-"